Day,Probability_of_Rain
1,0.6768452380952382
2,0.9383333333333332
3,0.6106865079365078
4,0.6569126984126984
5,0.9037261904761905
6,0.47475396825396815
7,0.587190476190476
8,0.3435119047619047
9,0.5524285714285715
10,0.6466071428571428
11,0.41003571428571434
12,0.9823333333333335
13,0.5674126984126985
14,0.39932142857142866
15,0.5199166666666668
16,0.5966904761904763
17,0.4568333333333333
18,0.7971666666666668
19,0.6799484126984128
20,0.5274924242424244
21,0.3300833333333333
